词语,个数
君,163
W,103
たい,99
いつ,83
今,74
あなた,68
手,65
you,62
作曲,56
l,53
空,49
心,48
言~,45
中,44
,43
r,43
なんて,41
いい,40
ひと,40
世界,39
どう,38
胸,38
じゃ,37
いく,37
くれ,35
明日,35
,34
.,33
日,32
だろう,31
-,31
me,30
度,30
きっと,30
I'm,30
光,29
好き,29
日々,28
恋,28
雨,28
know,28
忘れ,27
まだ,27
夜,26
,26
声,26
まま,26
/,26
my,26
人,25
止め,25
ただ,25
生き,25
みたい,25
L,24
たく,24
ずっと,24
目,24
想い,24
未来,24
We,24
道,23
消え,22
ねぇ,22
oい,22
少し,22
く,21
たって,21
全部,21
护,21
,21
on,21
夏,20
こんな,20
信じ,20
：,20
どんな,20
are,20
花,19
ゆく,19
幸せ,19
泣い,19
will,19
a,19
一,18
今日,18
笑っ,18
鏊,18
あたし,18
ばかり,18
自分,17
そんな,17
思い出,17
さえ,17
知っ,16
Kわり,16
郅,16
言わ,16
for,16
！,15
すべて,15
ほら,15
不,15
くらい,15
言え,15
しまう,15
知ら,15
え,15
_か,15
So,15
can,15
Dい,14
行く,14
そば,14
なれ,14
名前,14
しまっ,14
最後,14
思う,14
home,14
星,14
意味,13
Lし,13
xさ,13
深く,13
ふたり,13
嘘,13
歌,13
月,13
同じ,13
思っ,13
み,13
他,13
いこう,13
出す,12
きみ,12
小さな,12
》,12
希望,12
年,12
',12
方,12
（,12
And,12
But,12
ぬ,12
?,12
I'll,11
\命,11
描い,11
,11
抱きしめ,11
笑,11
【,11
】,11
息,11
be,11
in,11
待っ,11
くれる,11
全て,11
前,11
事,11
まるで,11
音,11
,11
莩证,11
なれる,10
影,10
痛み,10
会え,10
ひとり,10
会い,10
なきゃ,10
#NAME?,10
Don,10
t,10
思い,10
死ん,10
that,10
hく,10
向こう,10
if,10
we,10
our,10
描く,10
いけ,10
つない,10
悲しみ,9
照らし,9
わかっ,9
色,9
きれ,9
iき,9
欲しい,9
歌う,9
期待,9
浃铯,9
莞钉,9
,9
rg,9
生まれ,9
大切,9
理由,8
all,8
ありがとう,8
don't,8
Aけ,8
,8
水野良,8
春,8
迷わ,8
[,8
],8
やっと,8
Weakness!!,8
carry,8
hい,8
抱え,8
しか,8
来,8
than,8
waiting,8
The,8
like,8
fire,8
Now,8
孤独,8
モノ,8
。,8
晴れ,8
谁,8
いける,7
why,7
笑う,7
思い出す,7
すぐ,7
届か,7
ぼく,7
大人,7
すぎる,7
い,7
なか,7
ぜ,7
!,7
花火,7
先,7
二,7
this,7
time,7
果て,7
brighter,7
,7
本当,7
溶け,7
う,7
やる,7
莞钉,7
just,7
back,7
let's,7
world,7
sun,7
no,7
照れ,7
ダ`リン,7
上げ,7
怖く,7
てっ,7
いま,7
あえる,7
さよなら,7
sky,6
浃铯,6
しい,6
触れ,6
傍,6
Kわら,6
わたし,6
しく,6
,6
编曲,6
る,6
もっと,6
崦,6
わかる,6
is,6
越え,6
景色,6
oく,6
lead,6
∶,6
誓っ,6
ちょっと,6
痛い,6
来る,6
iく,6
よかっ,6
奇E,6
呼ん,6
瞬g,6
o,6
been,6
by,6
feel,6
Tonight,6
young,6
set,6
burn,6
someone,6
tonight,6
come,6
never,6
始まる,6
奥,6
ため息,6
O,6
行こう,6
つまら,6
笑え,6
背中,6
无,5
訾,5
ける,5
t,5
耳,5
える,5
need,5
うまく,5
つく,5
探す,5
し,5
笑える,5
ラブ,5
ソング,5
きり,5
たび,5
け,5
混音,5
身,5
っ,5
荬扭,5
探し,5
パッ,5
い,5
ああ,5
出来,5
xれ,5
You,5
myself,5
浃铯,5
生きる,5
答え,5
流れ,5
居,5
つい,5
思え,5
いれ,5
Rり返し,5
Aき,5
映画,5
朝,5
限りなく,5
感x,5
Aく,5
ホント,5
べき,5
My,5
higher,5
things,5
down,5
find,5
扉,5
歌え,5
every,5
いちばん,5
^去,5
勇,5
虹,5
向かっ,5
伸び,5
くだら,5
叭,5
时代,5
风,5
感じ,5
一瞬,5
Bれ,4
Mめ,4
だらけ,4
into,4
A,4
tell,4
eれ,4
上手く,4
いか,4
しよう,4
溺れ,4
荬扭,4
日差し,4
霞ん,4
受け止める,4
こころ,4
言える,4
つけ,4
,4
追いかけ,4
物Z,4
War,4
行け,4
やっ,4
光っ,4
しれ,4
刻ん,4
わた,4
1,4
new,4
Kill,4
必ず,4
stay,4
alive!!,4
have,4
渡る,4
Loneliness!!,4
it's,4
you!,4
澄ん,4
作~,4
教え,4
S,4
弱,4
不安,4
暗く,4
在る,4
rやか,4
死体,4
夜中,4
奴,4
Jめ,4
护à,4
,4
理解,4
yい,4
asking,4
take,4
thought,4
could,4
スト`リ`,4
いでよ,4
ふと,4
up,4
かけ,4
溢れる,4
憧れ,4
すぎ,4
テ`マ,4
七色,4
大丈夫,4
行ける,4
さあ,4
合っ,4
,4
Yoshiki,4
Mizuno,4
吹い,4
梦,4
つなぎ,4
消せ,3
止まれ,3
打ちのめさ,3
DきFれ,3
下,3
本,3
g,3
片付け,3
血,3
Y末,3
*,3
ゆらゆら,3
退屈,3
伸ばせ,3
沈ん,3
しまえ,3
いっそ,3
ごと,3
行っ,3
背,3
でく,3
共,3
重ね,3
つながっ,3
素直,3
温もり,3
都会,3
点,3
写真,3
ど,3
出逢っ,3
新しい,3
太,3
爱,3
呼ぶ,3
~,3
大きな,3
出会える,3
しょう,3
same,3
save,3
め,3
`,3
はじめ,3
解かし,3
Aい,3
欲しかっ,3
言っ,3
空,3
れ,3
魔法,3
,3
数,3
壁,3
prove,3
That,3
lived,3
today,3
Starting,3
Now!!,3
浃,3
なんか,3
Maybe,3
怯え,3
],3
泡沫,3
たとえ,3
届け,3
呼吸,3
^,3
叶わ,3
嬉しい,3
悲しい,3
秘密,3
地,3
ぼやけ,3
あふれ,3
足り,3
]じ,3
彩る,3
出来る,3
昔,3
萘,3
わずか,3
韦,3
サイン,3
死ぬ,3
取っ,3
,3
他人,3
歌い,3
力,3
流xい,3
friends,3
bar,3
you're,3
not,3
run,3
想い出,3
四,3
^ごす,3
メロディ`,3
がっ,3
つまづい,3
なき,3
あがる,3
指先,3
震え,3
やり,3
つい,3
く,3
いろんな,3
となり,3
笑,3
颜,3
わたる,3
叫ん,3
振り,3
望み,3
ROCK,2
_,2
灯,2
震える,2
守れ,2
\り越え,2
宿っ,2
o情,2
吹く,2
っ,2
Luna,2
もやもや,2
ぎ,2
不_か,2
感,2
~えg,2
Zえ,2
攫っ,2
眩しい,2
eれる,2
白い,2
ワン,2
ピ`ス,2
みつけ,2
寄せ,2
寂し,2
訾à,2
祈り,2
zめ,2
切っ,2
止まら,2
交差,2
立ち止まる,2
ビル,2
こたえ,2
一w,2
吉他,2
母带,2
ふわ,2
ふわり,2
ふわふわ,2
浮かぶ,2
後,2
最高,2
红莲,2
弓矢,2
囚われ,2
其の,2
CRIER,2
,2
LIAR,2
Eid,2
},2
Rising,2
HELL,2
Game,2
Day,2
生,2
Lie,2
兵士,2
World,2
Eyes-Hate-War,2
☆,2
ふ,2
みんな,2
いざ,2
前前,2
前世,2
笑い,2
1,2
はじめる,2
2019,2
こう,2
[び,2
真,2
どうせ,2
降ら,2
2020,2
only,2
熊木,2
杏里,2
超え,2
きし,2
自由,2
近く,2
昨日,2
Q定,2
^明,2
brand,2
age,2
From,2
day!!,2
去っ,2
自ら,2
存在,2
形,2
き,2
Wake,2
from,2
too,2
follow,2
fade,2
away!,2
close,2
me!,2
Hotaka,2
Yamashita,2
山下,2
[,2
尊,2
街Kみ,2
iこう,2
持っ,2
怖,2
幛,2
灯り,2
灯る,2
まし,2
あえて,2
当たり前,2
eれ,2
趸螭,2
`び,2
なくし,2
ふり,2
たる,2
程,2
自己,2
とっ,2
音S,2
j目,2
特e,2
Wい,2
不意,2
早く,2
方法,2
才能,2
ん,2
Sしく,2
驻,2
残さ,2
苛立ち,2
Z,2
失う,2
眼,2
お前,2
必死,2
目的,2
椁,2
成り,2
I',2
months,2
trying,2
forget,2
closes,2
falling,2
got,2
Carry,2
Just,2
side,2
hear,2
こえ,2
分かる,2
~,2
暖か,2
ちゃんと,2
分,2
ずつ,2
回り道,2
ぬぐっ,2
瞳,2
迷っ,2
隙g,2
ドキドキ,2
いよう,2
Sしん,2
がっ,2
そっと,2
部屋,2
吸っ,2
横,2
笑い合っ,2
ものすごく,2
郅しい,2
つけ,2
ら,2
入れる,2
浴び,2
通り,2
信じあえる,2
出会い,2
强,2
守り,2
逃げ,2
つぼみ,2
Fり,2
Nる,2
2027,1
泥,1
走R,1
Eう,1
こわばる,1
掴み,1
spend,1
thirty,1
nights,1
睨ん,1
Staring,1
自身,1
イナビカリ,1
j音,1
刺す,1
趸螭,1
水面,1
jまる,1
善,1
透け,1
紊,1
天P,1
Tell,1
逸材,1
挑み,1
,1
美しい,1
乱暴,1
敷きめ,1
トゲ,1
Fれる,1
みせる,1
心,1
根,1
生やし,1
知れ,1
い,1
散り,1
破れ,1
悲Q,1
泣き声,1
あいだ,1
吹きwばせ,1
い,1
xい,1
透き通っ,1
留め,1
くらくら,1
いよ,1
手放せ,1
惹きつけ,1
つかむ,1
iけ落ち,1
ちくちく,1
痛ん,1
灰色,1
安定,1
郅しく,1
放せ,1
]じれ,1
e,1
とっく,1
凭れ,1
通し,1
かぞえ,1
切なく,1
吹きzん,1
|京,1
Oり,1
持つ,1
はぐれ,1
握り返す,1
かなわ,1
护,1
伸ばし,1
つよく,1
とまら,1
始まっ,1
冥,1
がんばら,1
さびし,1
越える,1
とめ,1
手,1
撮っ,1
向き合う,1
,1
ぼんやり,1
つめ,1
つかん,1
忘れる,1
こえる,1
つづい,1
Yべる,1
つむぎ,1
歌おう,1
策划,1
演唱,1
暮肆,1
Mousse,1
贝斯,1
架子鼓,1
钢琴,1
乐器,1
小,1
她,1
人声,1
圈,1
Studio,1
2010,1
サ`キュレ`ション,1
宙,1
2011,1
secret,1
base,1
将来,1
10,1
8,1
2013,1
屈辱,1
反,1
嚆矢,1
城壁,1
彼方,1
获物,1
屠る,1
狩人,1
イェ`ガ`,1
迸る,1
杀意,1
灼き,1
黄昏,1
绯,1
ひ,1
穿つ,1
2014,1
aLIEz,1
2015,1
くしん,1
たまる,1
ぉ,1
全身,1
全,1
[び倒せ,1
Sしめよ,1
乙女,1
干物,1
妹,1
ライフ,1
2016,1
ぶきっちょ,1
めがけ,1
全然,1
なくなっ,1
チリヂリ,1
2017,1
打上,1
2018,1
Sincerely,1
カワキヲアメク,1
交h,1
o茶苦茶,1
Xい,1
おもい,1
使い古す,1
レ`ス,1
引用,1
フレ`ズ,1
踵,1
持ち上がる,1
タブ`,1
iん,1
）-《,1
2009,1
railgun,1
放て,1
置き去り,1
限界,1
能力,1
散らす,1
遥か,1
しわ,1
Kす,1
かしら,1
ひたすら,1
郅筏,1
淋し,1
[01:02.39],1
3,1
89,1
7,1
95,1
11,1
75,1
ゴ,1
使い,1
15,1
64,1
婴,1
一年,1
三百六十五,1
字面,1
れ,1
短い,1
hかっ,1
二十r,1
皮肉,1
たいして,1
理屈,1
增,1
えた,1
r,1
仲良し,1
友だち,1
つなごう,1
喧哗,1
高い,1
まわり,1
置,1
避雷,1
针,1
触れる,1
安らぎ,1
くる,1
迷いzん,1
重なっ,1
r代,1
物Zる,1
now!!,1
We'll,1
on!!,1
~え,1
消し,1
散っ,1
悔い,1
saved,1
Wherever,1
came,1
late,1
I've,1
decided,1
live,1
For,1
future,1
Never,1
Keep,1
Uっ,1
抱きかかえ,1
哀しく,1
虚しく,1
ハジマリノウタ,1
立て,1
Bむ,1
もらっ,1
仕方ない,1
途中,1
朱,1
染まる,1
eるぎない,1
真ん中,1
し,1
示し,1
解り合え,1
言い切っ,1
溢れ,1
ぎこちない,1
Bd,1
いき,1
柔らかい,1
,1
浴びれ,1
出せる,1
残そう,1
名付けよう,1
つつましく,1
育て,1
Zい,1
石ころ,1
勘`い,1
护铯,1
いえ,1
意,1
彷徨う,1
身代わり,1
ささやか,1
笑いあう,1
祈っ,1
惨,1
る,1
歪み,1
驻,1
大袈裟,1
不甲斐ない,1
超えよう,1
つなぐ,1
,1
しまい,1
泣き兢,1
振ら,1
心,1
内科,1
先生,1
相,1
自I,1
自得,1
h教,1
さ,1
ヤブ,1
医者,1
い,1
百,1
承知,1
_き直れる,1
さながら,1
嫌,1
吹きだまり,1
{し,1
い,1
漫画,1
小h,1
Y源,1
ゴミ,1
枕元,1
ほざく,1
おまえ,1
役,1
立た,1
ゴミ屑,1
忸怩,1
プライド,1
ギリギリ,1
夜空,1
余裕,1
浮かび,1
来い,1
所,1
追いつめ,1
手段,1
xべ,1
凡庸,1
不在,1
挑ん,1
ヘマ,1
笑わ,1
ムキ,1
天の邪鬼,1
ro,1
余命,1
切り婴,1
Y切ら,1
なりゃ,1
Δ蔽,1
多い,1
~,1
少年,1
後ろ指,1
差し,1
嘲笑っ,1
返し,1
建前,1
しがない,1
hう,1
伽,1
o,1
差し伸べ,1
置く,1
一杯,1
怠けりゃ,1
途~える,1
航路,1
面目,1
抗う,1
射し,1
自ずと,1
死に,1
切れ,1
弁明,1
Give,1
second,1
get,1
story,1
straight,1
bathroom,1
getting,1
Empire,1
State,1
lover,1
she's,1
across,1
seat's,1
taken,1
some,1
sunglasses,1
bout,1
scar',1
gave,1
ago,1
between,1
drinks,1
subtle,1
holes,1
apologies',1
hard,1
guess,1
ways,1
fall,1
apart,1
raise,1
cup,1
‘Cause,1
found,1
reason,1
angels,1
arrived,1
choir,1
GeG,1
Hiplin,1
Shoki,1
Kitaura,1
Melody,1
呼び起こし,1
Memory,1
うんざり,1
すんなり,1
Flash,1
Aい,1
分から,1
意外,1
れ,1
限っ,1
かから,1
かかっ,1
面影,1
Stayin,1
days,1
end,1
crossover,1
clover,1
rover,1
moment,1
night,1
lonely,1
slowly,1
独り言,1
零れる,1
静寂,1
微か,1
ライン,1
Lさ,1
か,1
小高光,1
太郎,1
Ceui,1
地,1
行き止まり,1
迷路,1
つき,1
I,1
^い立た,1
人ごみ,1
ノ`ト,1
_こう,1
モノクロ,1
色rやか,1
理想,1
大き,1
つらく,1
ありのまま,1
Zりかけよう,1
アサヒ,1
ビ`ル,1
福,1
ソフト,1
バンク,1
ホ`クス,1
暝,1
プロジェクト,1
FCI,1
モ`ニング,1
EYE,1
こえる,1
雨音,1
まぎれこん,1
やさしい,1
あけ,1
みれ,1
差しzん,1
一筋,1
wび出し,1
Lせ,1
窑,1
ブラシ,1
磨い,1
あげよう,1
かなえる,1
じゃおう,1
lけ上がっ,1
すうっ,1
架かっ,1
虹色,1
寝ぼけ,1
目める,1
寝ぐせ,1
gやか,1
^ぎ去る,1
任せ,1
苦い,1
珈i,1
食事,1
っ,1
あえ,1
ふるえる,1
つくっ,1
くさ,1
押す,1
いのち,1
悲しく,1
分かちあい,1
奏,1
しい,1
やどる,1
さだめ,1
阳,1
ぶつけあう,1
筑,1
たがい,1
たくさ,1
,
",2
iむ,3
はじまり,2
つづき,1
きずな,1
叫び,3
つづけよう,1
新しき,1
つくり,1
Kenshi,2
Yonezu,2
Twisting,1
turning,,1
road,1
go,18
Running,1
forest,3
where,7
play,4
day,4
shines,1
so,2
brightly,1
country,1
town,1
Someone's,2
always,10
calling,2
out,5
your,8
name,2
when,4
summer,5
comes,,1
see,2
shadows,1
grow,1
Always,1
miss,2
Come,2
on,,4
look,1
up,,1
first,2
star,1
hope,2
tomorrow,2
sunny,,1
Paprika,,6
flowers,5
start,3
bloom,3
Put,3
seeds,3
hands,5
throw,3
them,3
make,3
dreams,3
alive,5
Rain,3
or,5
shine,,3
we'll,3
way,8
again,5
another,3
It's,2
raining,1
pouring,,1
moon's,1
hiding,1
away,2
think,1
crying,1
shade,1
Don't,4
worry,1
promise,,1
there's,1
afraid,1
count,1
with,9
happy,3
much,1
joy,1
bring,1
go,,1
Memories,1
light,13
Through,2
played,2
Singing,2
songs,2
made,3
fill,2
both,2
along,2
Let's,2
together,1
now,,1
point,1
fingers,1
桥口洋平,2
返つ,1
呼ば,2
,14
今さら,2
仆,3
见,5
时间,2
分け合い,2
二人,20
过,1
ご,1
奇,1
迹,1
つなげ,1
闻,1
护,2
体,2
包む,3
ダメ,3
むこう,1
すれ,3
违,1
いちいち,1
アパ`ト,1
路地,1
よく,3
见上,1
げ,3
@,3
ア`チ,2
叶,1
オレンジ,2
染め,6
Dか,5
街,12
木々,2
绮丽,1
赤い,2
言う,7
握り,2
护ê悉à,1
,1
开,1
好,2
上げ,1
终,1
わり,1
rookiez,1
punk,1
d,1
泣き,7
出し,5
表情,1
かお,1
nう,1
低い,1
削る,1
吐き出す,1
,1
みzん,1
混じり,1
唾,1
吐く,2
菠,4
抱い,7
明後日,2
ばっか,4
出,14
冥る,4
真っ白,4
Fg,8
真っ暗,4
もがき,4
xく,8
でる,4
ダサく,1
じっと,1
らん,3
バックレ,1
もん,3
屋上,1
こっそり,1
くわえる,1
マイセン,1
サイ,1
ゼ,1
心配,2
マイメン,1
吐い,2
マジ,1
辛い,2
通い,1
薄暗い,1
道路,1
Iっ,2
iPod,1
上x,1
薄い,2
ラップ,1
何故,4
重い,1
薄っぺら,1
バッグ,1
暖かい,1
はず,7
重苦しく,1
明け放つ,1
重R,1
押しつぶさ,1
逃げzん,1
公@,1
限り,2
Hか,2
ヘタクソ,1
描け,1
ryo,2
告げよう,1
D,2
崩,1
交,1
曲,1
Qりい,1
降る,3
音色,1
支配,2
_,5
憎しみ,1
郅工,2
思い出せ,4
争う,1
こえ,6
生命,2
者,6
真g,6
,5
海,2
Qして,4
臆する,1
TV,2
アニメ,2
ギルティ,1
クラウン,1
OP,2
2,2
けれど,3
Mむ,3
やがて,3
よこせ,1
Zい合い,1
し合う,1
とう,2
枯れ,3
互い,3
Jめる,2
大事,8
ぐ,1
寄るx,2
燃え盛る,1
g,1
守ろう,1
tく,1
染まっ,3
眺め,6
愚か,1
^ち,1
罪,3
とめど,1
あふれる,1
知る,2
静まっ,1
失っ,5
数え,3
超える,1
持てる,1
作,5
词,5
岛,1
みや,1
えい子,1
さぁ,4
忘,1
す,4
ましょ,1
みらい,2
T,1
ちぬ,1
なまぬるい,1
かぜ,1
とぐろ,1
,1
ま,3
たぶん,4
合,4
あいず,2
i,4
け,6
悲,2
\,3
\\\,3
命,7
うん,3
めい,3
奈落,4
ならく,3
はな,4
ばしょ,3
D,4
かない,6
からめとら,2
行,2
w,5
び,5
交,3
かけら,2
にぎっ,1
,1
かみ,1
なで,1
泣,1
もえぎ,1
感,2
かん,1
じ,1
越,2
こ,5
n,1
ぐるま,1
散,2
ち,2
N,7
たね,1
残,1
のこ,1
芽,1
ふたたび,1
h,2
めぐ,1
カルマ,1
undefined,1
奥井,2
雅美,2
流し,1
道のり,1
透明,2
雪解け,1
水,1
乾い,2
大地,3
す,1
ひび割れ,1
ゆっくり,1
氦郡,2
生まれる,2
予感,1
つけ,3
抱きしめる,1
出逢え,4
喜び,4
大好き,14
芽生え,2
太,5
向かう,4
季,14
i,2
短,1
人生,2
分かり合える,1
素,1
独りぼっち,1
雪,4
上,8
げ,1
铯堡,1
郅筏,1
星空,4
指さす,1
偶然,1
キミ,36
不思h,4
微笑み,2
つぶやく,1
降りつもっ,1
てく,11
护à,1
HYDE,1
AI,1
YAZAWA,1
_,1
放,1
乱舞,1
DEEP,1
SKY,1
AH,8
仰,1
あお,1
いで,2
R,1
く,2
り,4
返,1
かえ,3
ひび,2
いみ,1
叫,1
さけ,1
GO,2
履,1
,1
つぶ,1
ROCKING,1
SHOES,1
跳,1
げる,1
PUDDLE,1
フラッシュ,2
バック,2
CLEVER,1
AH,,1
REMEMBER,2
にじ,2
渡,3
あさ,2
,2
ゆめ,4
K,2
べ,2
i,3
GLAMOROUS,5
DAYS,5
明,1
あい,4
,7
かち,1
@,1
吐,1
,1
干,1
ほ,1
’,2
N,1
ROLL,1
がる,2
BATTLE,1
FLAVOR,1
ほし,2
集,1
むね,1
,1
ぢ,1
,2
つな,1
踊,1
眠,1
む,1
SUNDAY,1
MONDAY,1
R妻,1
いなずま,1
TUESDAY,1
WEDNESDAY,1
THURSDAY,1
雪花,1
ゆき,1
FRIDAY,1
SATURDAY,1
なな,1
いろ,1
0,2
EVERYDAY,1
,1
やみ,1
くめ,1
消,1
える,1
FULL,1
MOON,1
,1
こた,1
こえ,1
くも,1
B,1
はら,1
照,1
らし,1
抱,1
かか,2
一人,7
GLORIOUS,1
SKY...,1
あさの,1
ますみ,1
山崎,1
,1
子,7
い,5
氦,2
たとえば,1
Y,1
花びら,2
かくれ,1
蜜,1
味,4
ひそめ,1
ひらり,1
ペ`ジ,3
ねえ,2
知り,2
あげる,1
森,2
言寺,2
你,22
陪,3
我,45
步入,3
蝉夏,3
越过,3
城市,3
喧嚣,4
歌声,3
还,5
在,7
游走,3
榴花,3
般的,3
双眸,3
不见,3
温柔,3
丢失,3
花间,3
欢笑,3
岁月,3
无法,3
停留,3
流云,3
等候,3
真的,2
好想你,2
每,2
一个,5
雨季,2
选择,2
遗忘,2
是,5
最不舍,2
纸短情长,4
啊,6
不尽,2
多,2
涟漪,2
故事,4
都,16
关于,4
呀,2
怎么,2
会爱上,2
了,8
并,2
决定,2
跟,9
回家,2
放弃,2
所有,3
一切,2
无所谓,2
诉不完,2
当时,2
年少,2
还是,2
监制,2
姚政,1
唐,1
晶晶,1
制作,2
刘凯波,3
艾宇,1
Vocal,1
录音,1
徐,1
真真,1
Mix,1
&,1
Mastering,1
田Y智,2
也,5
UNISON,2
SQUARE,2
GARDEN,2
cやか,1
あれこれ,1
感情,4
スクランブル,1
パ`ティ`,1
り,2
あて,3
立ち止まっ,1
白く,2
つら,1
思い出し,3
もや,1
ちゃっ,3
せる,1
蜃,1
楼,1
ポケット,1
はじけ,1
切な,4
ネオン,3
手のひら,4
奏で,3
だす,3
ring,8
bell,4
护à瑜,2
わかり,6
鼓,4
高Qり,2
sweetest,2
フリ,1
y河,1
重ね合わせよう,1
いくら,2
ひとりぼっち,3
め,2
コ`ヒ`,1
もったい,1
どちら,1
わかん,1
本,1
棚,1
Kん,2
タイミング,1
]まっ,1
awaking,1
体温,2
ふわっ,1
上がる,1
荬扭,1
バレる,1
器用,3
かわいく,1
嫌い,3
刹那,1
手招い,1
リンク,3
押さ,1
バラバラ,1
散らばっ,1
星屑,1
呼び合っ,1
Yび合っ,1
Please,6
wish,3
口,6
出さ,1
きる,1
“,5
”,5
温度,1
思い出せる,2
Sしかっ,1
きれい,1
パノラマ,1
せ,7
指,4
星座,1
iい,19
がり,2
させ,6
米津,8
玄,8
残る,4
グズつい,1
祈る,4
眠る,10
,1
トンネル,1
ストロ`,1
胃,1
诟,2
意,1
グラフィティ,1
ボコボコ,1
自,2
,1
C,2
はにかん,1
ニヤつい,1
,1
手すり,1
登り,1
ふらり,5
ほころん,1
空洞,1
言い,3
想像,6
白け,2
泡,3
ハレルヤ,5
なぜ,6
落ちる,2
スピ`ド,2
止まる,3
メリ`ゴ`ラウンド,2
寝室,2
出る,3
清,1
Aれ,1
外,1
ブランコ,1
庭,1
イ上がる,1
コメディ,1
Y,1
トラジ,1
ティ,1
フィキサチ`フ,1
仕上げ,1
ヒュ`マニティ,1
巧妙,1
っ,1
神,6
パロディ,1
7,2
号,2
,6
レイト,1
ショ`,1
ス,1
ロウ,1
あまり,1
喧X,2
最中,1
eみ上げ,2
塔,2
崩れ,2
所,2
程度,2
知育,2
玩具,2
未だ,2
渡す,2
ブ`ケ,2
作る,2
,2
デザイナ`,2
miwa,2
her0ism,2
Tova,2
Litvin,2
Where,2
did,1
j踏,1
映ら,1
差点,1
さみしく,1
いら,2
Rise,2
till,2
ya,5
touching,2
moon,2
生まれ浃铯,2
真,3
数えよう,3
P躇,1
踏み出,1
ドア,1
_け,2
望む,1
照らす,6
夜更け,1
ベッド,1
さいなま,1
出会う,1
つまずい,2
,15
i那,2
ジ,1
グ,1
K点,3
g近,3
心残り,2
いろいろ,3
あ`,3
ちゃう,8
良い,7
切り取っ,3
あぁ,3
大通り,2
暴れ,1
ハッピ`,2
エンド,2
迎え,2
シュガ`,4
ナイフ,4
みる,5
甘く,3
wび散る,2
嫌,2
つか,3
ヘイト,1
愚痴,1
とこ,4
吐き出し,1
yみし,1
擦りむい,1
めぐっ,1
解答,1
眠,1
め,1
わから,2
惰性,1
流れる,3
渡し,3
渚,2
砂,3
後ろ姿,2
寄り,1
返す,2
波,3
足元,5
よぎり,1
攫う,1
夕M,1
日暮れ,1
通り^ぎ,2
喜ぶ,1
Rり返す,2
情,1
焦燥,1
最K,3
列,1
波g,1
xび,1
悲しま,1
gむ,1
はっと,1
ちゃい,1
住ん,1
あったかい,1
ひそか,1
）,11
静か,3
HoneyWorks,2
落ち,6
矢,4
射す,4
すれ`う,1
後悔,5
こぼれ,1
忙しい,1
チュ`ニング,1
_かめ,2
とらわれ,1
リスタ`ト,2
か,2
たった,3
1,4
ミリ,1
lけiけ,3
青春,2
似合い,2
}j,1
初めて,4
,1
アドバイス,1
可郅,1
逃げだし,1
くせ,1
バカ,4
分かり,1
~,4
振り向い,1
ほしい,3
Wかっ,1
Bめ,3
向い,2
青い,4
蕾,1
火a,1
せ,1
g感,1
手Rり寄せ,1
センチ,1
郭,2
明かり,3
oくさ,2
ら,2
パズル,5
欠片,2
寄せ集め,1
手がかり,1
Mみ上げよう,2
寂しい,2
苦しい,1
切り_く,1
冥,5
I手,4
手探り,2
恰好,2
直,2
向,2
成る,2
微力,2
非力,2
居れ,2
回り,2
嵌めzん,1
,1
恐れ,2
\り超える,1
sent,2
tent,2
Leola,1
やわらか,1
潮L,1
\っ,2
まぶしく,1
シャツ,2
婴,1
heart,3
周り,1
くさく,1
ジョ`ク,2
ごまかし,1
莞钉,1
friend,10
love,10
song,3
Why,1
浃铯,6
jまっ,1
Let,14
fly,30
let,20
gに合う,1
届けよう,2
送る,1
友_,4
かさ,1
返さ,1
羽っ,1
溢れだす,1
true,1
凸凹,1
Cry,1
cry,2
くしゃくしゃ,1
jれ,1
lけ出す,1
せい,3
い事,1
会える,4
This,1
want,4
old,1
girl,12
going,1
逃さ,1
１、２,3
２、３,1
いっぱい,3
ねだり,2
意地,1
っ,2
ぶつかっ,1
凹ん,1
じゃう,1
でしょ,3
_,2
受け入れ,1
たったっ,1
泣き虫,3
しっしっ,2
ハマら,2
いっ,2
失,1
引っっ,1
ちゃえ,1
尖っ,1
刺さる,1
折れる,1
どっち,1
\い,2
Tりし,1
ぱっぱっ,1
ぱ,2
急い,2
ちゃっちゃっ,1
行か,2
なくっ,1
ちゃ,3
イヤ,1
迷子,3
g`っ,1
回,9
走ら,1
近づき,1
じゃん,1
大,3
久保,1
`,1
藤林,1
}子,1
キラキラ,2
xき,8
永h,6
以上,5
st,1
Love,4
Story,3
バレ,1
前,1
,1
Lれ,2
トキメキ,1
降り,4
Xがしい,1
w行,1
急,1
上N,1
秒,1
幸福,1
普通,1
1st,2
文字,1
ピンク,1
ハ`ト,1
送れる,1
半分,1
素っ荬胜,1
摔,1
eり起こす,1
染みzん,1
充g,1
Tれ,3
カラフル,1
色付い,1
24,1
baby,2
^,1
sweet,1
darling,1
温か,2
寝,1
醒め,1
守っ,1
曲,3
本g,1
昭光,1
i道,1
,1
冬,1
まち,1
ひとかけら,1
消える,2
寂しく,1
k,1
急ぐ,1
ら,1
Qめ,2
告げる,1
始め,2
たぐり寄せ,1
Sせる,1
れる,2
うれしい,1
はい,1
たしか,1
u田昌典,1
茜色,1
だまり,1
o口,1
i幅,2
合わせ,2
坂道,1
追いかける,1
ん,3
生きれる,1
引く,1
恐,1
s束,7
茜,3
おなじ,3
木の~,1
散る,1
g,5
すりiけ,2
^ぎ,7
あと,5
ありふれ,1
せ,1
郅筏,2
想う,2
,5
重,1
誓う,2
Lれ,1
受け止め,1
振り返れ,1
足E,2
xし,1
快,6
醒过来,40
难道,1
没有,2
发现,3
早餐,1
已经,1
被,2
吃,1
完,1
别,1
把,2
闹钟,1
丢,1
到,1
窗外,1
掀开,1
被窝,1
拼命,1
踹,1
嚯,1
诶,1
哈,1
所以,9
说,2
―,2
感,1
浸り,1
アイデンティティ,1
ゆらりゆらり,5
照らせ,1
深い,5
暗,3
{り着ける,1
り,2
押しさ,1
手取り,1
足取り,1
\り越える,1
夜明け,4
(Darkness,1
stronger),1
一体,4
作り,1
境目,1
バレバレ,1
デフォルメ,1
g感,1
E外,1
募ら,1
夜,2
Eわ,1
しんと,1
静まり,1
クライ,2
思い付か,1
iけ出せ,1
居心地,1
冥,1
吸いzま,1
なくなり,1
わ,1
魅せ,2
(Don't,1
anymore),1
潜っ,1
散々,1
ハラハラ,1
Sしま,1
ズルい,1
みっともない,1
姿,1
かっこ,2
欲しく,1
Eわせ,1
晒す,1
かまけ,1
Lす,1
美学,1
堪え,1
末,1
{り着き,1
挑む,1
ハマり,1
独りよがり,1
す,1
氦沥,1
明ける,1
xか,1
迷い,1
惑い,1
始まり,1
虚し,1
逃れ,1
分け隔て,1
割り振ら,1
仕Mま,1
Sしむ,1
眩し,1
nい,1
眩ま,1
行き先,1
彷徨い,1
Aける,6
定め,1
惜しむ,1
まどろみ,1
再び,1
カタキ,1
常,1
出だし,1
千,2
割り切れ,2
か,1
足く,1
ぬく,1
かわり,2
あげ,1
等,1
眠れ,2
毛布,1
耐え,2
g,2
Zわ,1
莞钉,2
Fれる,1
足せ,1
彩っ,1
サマ,1
肩き,1
落ちzん,2
吹き返し,1
り道,3
足音,1
刻む,1
リズム,2
雨あがり,1
iけ,3
^ごせ,1
げ,1
振り返っ,1
分かっ,4
角,1
曲がれ,1
れる,1
舞い散る,1
zみ上げる,1
wばし,1
かけがえ,1
酷く,3
疲れ,1
,1
Kぶ,1
|横,1
高架,1
幸,1
不幸,1
外れ,2
平日,1
落伍,1
沙汰,1
重ねる,2
若かっ,1
H父,1
空想,1
河川,1
敷,1
覆う,1
行く末,1
作,1
ぬかるん,1
途方,1
暮れ,1
泣き叫ぶ,1
似,1
愚,1
弱虫,3
m歌,1
後ろ,1
指ささ,1
むき,1
己,1
u,1
生涯,1
暮らす,1
g山,1
うな垂れ,2
きzむ,2
水溜り,2
映りzむ,2
泣き,1
踏みつけ,1
土砂降り,5
いや,9
久し,1
ぶり,1
,1
Eっぱらっ,1
地元,1
り,1
会,1
端々,1
R鹿,3
世g,1
み,1
がむしゃら,1
lけ,1
o\,1
かしむ,1
り,1
uさらし,1
しくじっ,1
地Aき,1
oj,1
なじる,1
れ,1
すがる,1
多く,2
守ら,1
死ね,2
相,1
苦笑い,1
放りzむ,1
悲Q,1
SQ,1
交互,1
eみ木,1
崩し,1
振り返る,1
痛む,1
口,1
笑い,1
\る,1
反る,1
る,5
晴れる,2
止める,1
伽,1
立上がれる,1
やり直せる,1
やま,1
明け,2
す,1
やめ,4
ずぶ濡れ,1
走っ,3
ガラス,1
もろく,2
都合,1
女,1
つもり,1
辘,3
たかっ,1
don’t,1
Rり返せ,1
まなざし,1
消し去る,1
求め合う,2
果てし,2
地球,2
『,2
』,2
告げ,2
２人,1
名,2
操ら,1
]じzめ,3
きる,1
Toyed,1
fate?,1
meaning,1
of,10
us,1
何I,3
さ,1
笑い合える,1
つから,1
出会え,3
良かっ,5
思える,2
(No,2
More,5
Drama),2
失っ,2
Uち,1
づい,1
Mん,1
Fine,1
苦しま,1
No,5
Drama,3
ユカ,2
ちっぽけ,2
センチメンタル,4
キモチ,3
わざと,2
冷たく,3
ほんと,2
臆病,1
邪魔,5
キス,4
町,2
ドラマ,3
シ`ン,1
lけ巡る,1
セリフ,1
云え,1
わがまま,1
叶え,3
例えば,3
wanna,1
you...,1
カケラ,5
川,3
ごめん,2
^ごし,3
型,1
はめ,1
サイズ,1
Qめつけ,1
落とし,1
忘れ物,1
Bれ,2
振い,1
悲し,1
ほこり,1
まみれ,1
クラクション,1
消さ,1
青空,1
投げ出す,1
つくり笑い,1
うつむい,1
平淡,1
大空,1
ばらまい,1
にぎりしめ,1
あてはめ,1
落き,1
r明,1
届く,1
Am,2
Ready,3
高藤大,1
泣き疲れ,2
しゃがみzむ,1
ラララシャララ,2
泣け,1
人g,3
走れる,1
U,4
い,1
hっ,1
しかっ,1
嬉しく,1
口ずさむ,1
宝物,1
Bる,1
hく,1
am,1
枯れる,1
Aけれ,2
叶う,2
ノド,1
つぶれ,1
100,5
护à,1
1000,1
いわゆる,1
片思い,1
やつ,1
沈a,1
ついつい,1
しゃべり,1
あんまり,1
やさしく,2
うなづい,1
{子,1
っ,4
どれ,3
送っ,1
すこし,1
フツ`,1
フラ,4
たっ,4
初恋,5
イルミネイション,1
追い越し,1
冷たい,1
つん,1
いったい,1
なぁ,1
言いU,3
Kべ,1
逃げ出さ,1
ありったけ,2
なくなら,1
ぶん,1
こめ,1
一生,1
雒,1
みたく,1
5,1
握りしめ,1
左手,1
イチ,1
バチ,1
ふりむい,1
かわいい,1
tired,1
waking,1
tears,1
Cos,4
can't,4
put,1
bed,1
these,1
phobias,1
fears,1
grief,1
explain,1
stranger,1
heartache,1
pain,1
began,2
burning,2
better,2
leave,5
die,2
silhouette,6
now,4
then,3
Is,4
over,3
yet?,3
Will,3
ever,5
again?,3
chasing,3
rainbows,3
own,3
more,7
try,3
move,3
alone,6
watch,4
stars,4
sick,1
past,1
erase,1
A,1
jumble,1
footprints,1
hasty,1
steps,1
replace,1
mountain,1
still,3
regret,1
vile,1
reminder,1
would,2
rather,1
（no,1
matter,4
go）,1
smile,1
walk,3
Jony,2
J,2
福,1
郭子敬,1
有点,1
受够了,1
想要,3
清净,1
起,1
背包,1
买,1
一张,1
去,1
海岛,2
机票,1
想,3
让,2
心情,1
飞机,1
起飞,1
高,1
像,2
个,3
三明治,1
包夹,1
拥挤,1
大城市,1
不想,14
交际,1
装,2
没事,1
最近,1
工作,1
当,3
人质,1
抽,1
可以,3
烦心,1
做,5
狂欢,1
对,1
来说,1
其实,1
没什么,1
用,2
进入,1
冬天,1
蛇,1
需要,3
冬眠,1
洞,1
缓解,1
脱皮,1
痛,1
回到,2
沙滩,1
泳池,1
边,1
全世界,1
最,1
赶时间,1
脚底,1
白沙,1
和,2
海里,1
浪,1
改掉,1
行程,1
晚,1
十天,1
不相干,4
什么,10
管,4
请勿打扰,17
拜托,8
关心,3
外面,1
成,2
爆款,1
又,4
无聊,1
叫喊,1
盗版,1
换,1
新,1
跳板,1
过来,1
装熟,1
行动,1
喜欢,1
单独,1
他们,1
嘴里,1
江湖,1
只,2
看到,1
一片,1
荒芜,1
那些,2
不能,1
给,1
快乐,3
快点,1
滚开,1
拨开,1
乌云,1
找点,1
太阳,2
晒,2
不用,2
刻意,1
很,2
high,3
和睦相处,1
派对,1
享受,2
难得糊涂,1
难得,1
空出,1
闲管,1
热闹,1
根本,1
凑,1
问,1
到底,1
哪有,1
功夫,1
闲,1
兜里,1
没,2
装满,1
足够,1
钱,1
但,1
生活,2
就要,1
干嘛,1
像是,1
活在,1
动物园,1
直接,1
挂,1
电话,1
听,1
讲,1
乌托邦,1
里,1
竞技场,1
抬脚,1
找个,1
躺,1
着,1
吃个,1
鸡翅膀,1
于是,1
那片,1
园地,1
开始,2
荒废,1
长草,1
这些,1
高楼大厦,1
密不透风,1
跑,1
留下,1
困扰,1
麻烦,1
打包,1
精神,1
屋里,1
关掉,1
手机,1
日り,1
とっておき,1
距x,2
待ち望ん,1
もどかしい,1
さり荬胜,2
巡っ,1
淡く,1
色づい,1
あくび,1
尖ら,1
口元,1
え,3
零れ落ち,1
踏み出し,1
真っ直ぐ,3
Eve,2
有象,1
o象,1
虚,1
心象,1
人外,1
物の怪,1
虚心,1
坦,1
宿し,1
ぱっ,1
ぱら,1
中身,1
oき,3
寄せる,1
平等,2
大\,1
非,1
日常,1
怨,1
H,1
性,1
{る,1
狭g,1
祓っ,4
,2
相,2
hる,3
h状,3
镅,2
吐き韦,2
く,2
正体,3
猡,2
猡,2
上々,1
卷,1
兢,1
欠,1
P,1
,1
常,1
出せ,2
傀儡,1
誓い,5
百鬼,1
夜行,1
庑g,1
OS,1
往生,1
欠点,1
Mい,1
投げ出さ,1
脆,1
分かん,1
五常,2
hい,2
ぐ,1
アイデア,1
相,1
立ち上がる,1
在り,1
すら,6
ほの,1
暗い,1
底,1
格好,1
何者,1
,1
笑えよ,1
逃げる,1
イメ`ジ,1
ENDO,2
すね,1
そっぽ,1
向ける,1
言いあえる,1
うっかり,1
前むき,1
たまに,1
大胆,1
ばっかり,1
なんど,1
え,1
カワイイ,2
しぐさ,2
思わ,3
赤く,1
苦手,1
弱点,1
やっぱり,1
さまよっ,1
ながい,1
いっしょ,1
抱き合う,1
かさね,1
めぐる,1
分けあえ,1
かぎり,1
寄り添う,1
ギガ,1
P,1
KIRA,2
木,1
ひこ,1
苦,2
美Q,1
主x,1
反,1
じゃんけん,1
`り,1
暗,1
about,4
babe,2
handbags,2
money,2
diamond,2
rings,2
'Cause,2
guys,2
they,2
care,3
little,2
まぁ,1
Anyway,1
吹っ切れ,1
棒,1
当たっ,1
吠え,1
外,1
moving,2
turning,2
around,,4
around,2
couldn't,3
tried,6
ばら撒い,3
取返し,1
撤退,3
finally,3
open,3
eyes,3
そん,2
来世,2
かい,2
返品,2
待ち,4
っぱなし,2
V,2
キ`,2
韦迫イ,2
なし,2
正解,6
Oops!,1
Deleted,1
number,1
All,6
used,1
warn,1
Baby,,1
without,1
other,1
(Ah,1
yeah),1
ときめき,1
酸素,1
いっちょ,1
泳い,1
na,3
nana,1
Everyday,1
{,1
先手,1
打ち伽,1
p金,1
bye,1
取り返し,2
待ちわび,2
lies,1
mistake,1
goodbyes,1
heartbreak,1
Break!!,1
(It's,1
Giga,1
KIRA),1
ready?,1
(Getcha,2
life,5
boy,getcha,1
boy),1
go!,1
boy,I'll,1
getcha,getcha,getcha!),1
Ahh..,1
匿っ,1
卧,1
ID,1
暴落,1
four,1
knees,1
一,1
reigns,1
流さ,1
てけ,1
スライダ`,1
outta,1
盲目,1
アイス,1
バ`,1
Zけ,1
ソ`ダ,1
pressure,1
press,1
i’ll,1
Getcha,1
Dai,2
Hirai,2
EIGO,1
ONEly,1
Inc,1
friend(girl,2
friend),2
Gonna,1
secret(secret),1
loving,2
baby,,1
笑い声,3
いたずら,1
仕草,1
寝,1
やすい,2
ウソ,2
イタズラ,1
そりゃ,1
イタい,1
ボク,10
プラン,1
返し,1
answer,1
今更,1
コ,1
微笑む,1
Weekend,6
おく,2
Secret,6
残し,2
いじ,3
わる,3
\ん,2
Qまっ,1
キレイ,1
浪打ち,1
H,1
九,1
セツナ,1
追いつか,1
美し,1
やら,2
Goodbye-my,1
女の子,1
Your,2
`う,4
作品,2
三火,4
《,1
古老,1
秘境,1
氛围,1
设计,1
惟一,1
音效,1
尚衡,1
春野,2
エッセンス,2
とけ,2
とうと,1
幼い,3
哀,1
つむる,2
幻,2
つく,3
青,4
つくづく,2
阿呆,2
交われ,2
Jめ合っ,2
婴,2
长,2
カ`テン,1
やわく,1
コットン,1
痕,1
消え行く,1
思い残し,1
笑み,3
装っ,1
雨上がり,1
曲りくねり,1
はしゃい,1
青~,1
lけ回る,1
[びまわり,1
立つ,2
パプリカ,3
Pこう,3
[ばせ,3
とどけ,3
`り,1
木,2
一人一人,1
慰める,1
かげ,1
ぼうし,1
02,4
16,1
526,1
K木,1
22,1
198,1
歌っ,2
26,1
296,1
31,1
549,1
らる,1
らりら,1
[02:34.827],1
ま,1
とまれ,1
n,4
buna,4
器量,1
才,1
Q,7
骨,2
l,1
ましい,2
嫉む,1
Y,1
舌打ち,1
F大,1
伽,1
世,1
死に体,1
浅ましい,1
心根,1
疼く,1
やるせ,1
fき,2
夜景,1
ダイヤ,1
住宅,1
下し,1
素晴らしき,1
暮らし,2
み,1
Eましい,1
,1
チ`プ,1
セット,1
SF,1
面,2
寿命,1
随分,1
以外,5
挝,6
皆,3
レプリカ,3
^ぎ去っ,5
年老い,2
席,1
立っ,1
大きく,1
次,1
Iえれ,1
あんた,1
,1
信号,1
募っ,1
氦郡,2
m,1
猡,1
描き,1
せれ,1
まっ,1
この世,1
主Q,1
投げ出し,2
逃げ出し,2
表し,1
き足し,1
淡い,6
t~,3
落ち~,4
笑おう,3
タチ,4
矢印,1
どおり,1
婴,1
あたり,2
踊る,1
物影,2
iん,1
ゆこう,1
gる,1
冷え,1
靡く,1
踊ろう,1
Guiano,2
食べる,1
母H,1
置いてきぼり,2
からっぽ,1
耽る,1
妄想,1
昔,1
深海,2
沈む,2
船,2
忘れ去ら,2
待つ,3
驻,2
消えゆく,2
hのい,1
抱きしめれ,1
なけれ,1
TomoLow,2
Yui,2
Mugino,2
止ま,1
い,1
尚,1
立ち上がっ,2
掴め,1
手放す,1
ためらい,1
求め,2
流す,2
向く,1
宿す,1
立ち向かっ,1
i,1
g`い,5
消し去れ,1
こえる,1
澄まし,1
Shinquo,2
Ogura,2
疑い,2
]じる,1
信じる,1
怖かっ,1
疑っ,1
溢れ出し,1
吹か,6
ぎ止め,2
交わす,1
_けれ,1
訾,1
{り着く,1
失くさ,1
いたい,1
Yuki,2
Kajiura,2
|浦由,1
肖,1
欲っ,1
哀しみ,1
持ち,1
散らし,1
_い,1
深々,1
降りeもる,1
Zび,1
苦しみ,1
等しく,1
Hい,1
,1
消え去っ,1
身偈,1
え,1
背っ,1
盛り,1
み,1
眩しく,1
Sさ,2
せめて,1
ワカメヒロキ,1
y村,1
有,1
NAGI,1
郅,1
yん,1
唇,2
,1
待た,2
重力,3
逆らえ,2
がる,2
溜めzん,2
想っ,2
回数,2
い,1
pっ,1
兢,1
置いてけぼり,2
食らう,1
止まっ,1
郅,2
day.,1
season.,1
side.,1
Eric,1
Leva,1
,,1
Amy,1
Allen,1
haven't,1
called,1
few,1
since,1
scared,2
say,3
wrong,1
thing,1
apartment's,1
shaking,1
weight,1
that's,1
breaking,1
Pretend,1
but,7
killing,1
I'd,2
happier,2
else,2
honest,2
hurts,2
hell,2
you've,3
thinking,3
moved,3
should,9
waited,9
Even,3
Oh,5
ain't,1
business,1
cause,1
one,1
who,1
asked,1
distance,1
maybe,1
judge,1
said,1
Feels,1
don't,,1
right,1
Mm..Mmmm.Mmmm,1
TOC,2
栗原,1
,1
久保田,1
真悟,1
指,4
契り,4
子供,2
o邪,2
救わ,1
,1
包ま,1
怖い,1
待ち鳏,1
Bj,1
索,1
交わし,2
深入り,1
ハマっ,1
卑怯,1
途~え,1
める,1
やめよう,1
い,1
通る,1
Kる,1
じゃあ,1
野田,2
洋,2
次郎,2
wぶ,1
羽根,1
引きQえ,1
ぎ合う,1
xん,2
秋,1
思い浮かべる,1
眠り,1
１０００,1
死角,1
立ち,1
出よう,1
Bれせ,1
蹴っ,1
文明,1
帆,1
亥骏,1
肩,2
Mん,2
わけ,1
止まん,1
ピンチ,1
先回り,1
まちがい,2
さがし,2
ふさわしく,1
笑いあえる,1
い,2
wばさ,2
隅,2
些,1
くたばる,1
正しく,1
育ん,1
でしょう,1
探し当て,1
起きがけ,1
重ね合わせ,2
瞬く,2
落っこち,2
\,2
ACA,2
ラムシ,1
ニ,1
ばれ,1
`魔化す,1
相手,1
,1
Kび,1
目出度い,1
竹刀,1
避y,1
ミラクル,1
逸ら,1
嫌う,1
B,1
消そう,1
端,1
集中,1
着い,1
ツイッタ`,1
,1
ATP,1
上手,1
受け渡す,1
勘,4
辘,4
悔しい,3
意R,3
\べ,3
淡々,3
取りっ,3
ゲラゲラ,2
塞ぐ,3
民,3
後り,3
おかしい,2
hい,1
しまおう,1
リセット,1
えよう,1
d味,1
ほっ,1
とい,1
yv,1
y解,1
A,1
g`う,1
来L,1
献立,1
眺める,2
毒,1
,1
食べ,1
矛盾,1
理,1
救える,1
ゲラ,3
イエイ,1
z影,4
　,7
z,3
起こそう,2
やり返し,2
巫山,1
瞑っ,1
き,1
塞い,1
主人,2
公,2
e々,1
平凡,1
平均,1
平行,1
足Kみ,1
Bえ,1
A段,1
上る,1
げ落ち,1
拗らせ,1
化,1
病状,1
治ら,1
おけ,1
博打,1
ヒ`ロ`,1
成れ,1
忠告,1
たくさん,1
xび取っ,1
正しい,1
gF,1
大,1
思想,1
巯,1
尽かさ,1
渡せ,1
劣,1
分かり合え,1
指差し,1
だろ,1
AlbatoLuce,2
Aimerrhythm,1
aimerrhythm,1
Lい,2
hざかる,1
足,1
る,1
奇,1
かしい,1
俄雨,1
立ち尽くす,1
ふい,1
雨宿り,1
小さく,2
濡れ,1
羽,2
雀,2
wべ,1
浅い,2
冷た,3
すぼめ,2
羽ばたく,1
h,2
添え,1
切れg,2
五,2
呼びかける,1
失くし,1
いたく,1
失くせ,1
える,1
通り雨,1
ゆずれ,2
仕舞いzん,2
右手,1
ぬくもり,1
mり,1
雷Q,1
手招き,1
ゆだね,1
Dく,1
,1
ささ,1
つまり,1
好奇,2
菠,1
灯ら,1
ホ`ル,1
ケ`キ,1
木u,1
踊っ,1
クロ`ゼット,2
身体,1
寄せ合っ,1
容易い,1
安全,1
gい,1
ませ,1
おもちゃ,1
いたかっ,1
矍,2
韦浦盲,2
剥がれ落ち,2
low,2
敢えて,2
YELLOW,3
あいつ,1
さ,1
狡猾,1
し,1
うだつ,1
上がら,1
あんな,1
行,1
Kわる,1
肯定,1
迫る,1
秒,1
い,1
I,1
Kい,1
天地,1
逆さま,1
oくなる,1
g`え,1
崩れ落ち,1
乖x,1
救い,1
,1
清水,2
依与吏,2
日付,1
しい,1
sまら,1
lけ引き,1
V引き,1
やり取り,1
",
